id,citation_key,decision,reason,quality_score,criteria_research_question,criteria_study_design,criteria_data_quality,criteria_methodology,criteria_statistics,criteria_results,criteria_bias_mitigation,title,year,author,journal,abstract_length
194,Dakalbab2025,INCLUDE,Meets all criteria,10,2,2,2,1,1,1,1,Advancing Forex prediction through multimodal text-driven model and attention mechanisms,2025,"Dakalbab, Fatima Mohamad and Kumar, Ayush and Abu ...",Intelligent Systems with Applications,1722
365,Batra2025433,INCLUDE,Meets all criteria,10,2,2,2,1,1,2,0,Deep Learning and Optimization Techniques for Sentiment-Driven Stock Market Prediction Using Transfo...,2025,"Batra, Vandna and Suman, null and Kumar Tipu, Rupe...",,1101
518,Hajaghaie2025,INCLUDE,Meets all criteria,10,2,1,2,1,1,2,1,Leveraging Large Language Models and Retrieval-Augmented Generation for Enhanced Multi-Asset Portfol...,2025,"Hajaghaie, Ahmadreza and Thulasiram, Ruppa K.",,1727
59,Song2025,INCLUDE,Meets all criteria,9,2,2,2,0,0,2,1,From Market Volatility to Predictive Insight: An Adaptive Transformer–RL Framework for Sentiment-Dri...,2025,"Song, Zhicong and Tsang, Harris Sik Ho and Hsung, ...",Forecasting,1704
404,Gona202587,INCLUDE,Meets all criteria,9,2,1,2,1,0,2,1,Hybrid LSTM-Transformer Model for Stock Market Prediction: A Deep Learning Approach,2025,"Gona, Naga Sathwik Reddy and Aunugu, Direesh Reddy...",,1709
419,Mantshimuli2025213,INCLUDE,Meets all criteria,9,2,2,2,1,0,1,1,ENHANCING PORTFOLIO OPTIMIZATION WITH MULTI-LLM SENTIMENT AGGREGATION: A BLACK-LITTERMAN INTEGRATION...,2025,"Mantshimuli, Lamukanyani Alson and Muteba Mwamba, ...",Investment Management and Financial Innovations,1544
595,Shobayo2024,INCLUDE,Meets all criteria,9,2,1,1,1,1,2,1,"Innovative Sentiment Analysis and Prediction of Stock Price Using FinBERT, GPT-4 and Logistic Regres...",2024,"Shobayo, Olamilekan and Adeyemi-Longe, Sidikat and...",Big Data and Cognitive Computing,1762
1430,Li20215016,INCLUDE,Meets all criteria,9,2,1,2,0,1,2,1,Sentiment analysis of Chinese stock reviews based on BERT model,2021,"Li, Mingzheng and Chen, Lei and Zhao, Jing and Li,...",Applied Intelligence,1216
7,Gu2026,INCLUDE,Meets all criteria,8,1,2,2,0,1,1,1,Enhancing exchange rate forecasting with contextual sentiment indices: A fine-tuned FinBERT approach,2026,"Gu, Guoqin and Song, Yuping",Applied Soft Computing,1798
15,Huang2026,INCLUDE,Meets all criteria,8,2,1,2,1,0,1,1,FinSent-DistillQ: A distilled large language model with chain-of-thought fine-tuning for financial s...,2026,"Huang, Yuan and Ma, Tongjia and Yang, Kuohai and Z...",Journal of Intelligent Information Systems,1411
73,Singh20255497,INCLUDE,Meets all criteria,8,1,1,2,0,1,2,1,SABER: a multimodal sentiment aware regression framework using ROBERTa BiLSTM and deep batch active ...,2025,"Singh, Chetanpal and Warraich, Jatinder and Thakka...",International Journal of Information Technology (S...,1496
91,Chen2025,INCLUDE,Meets all criteria,8,2,2,2,1,0,1,0,Leveraging large language model as news sentiment predictor in stock markets: a knowledge-enhanced s...,2025,"Chen, Weisi and Liu, Wulong and Zheng, Jiaxin and ...",Discover Computing,1913
118,Liu2025,INCLUDE,Meets all criteria,8,2,2,2,1,0,1,0,LLM-Driven Sentiment Analysis in MD&A: A Multi-Agent Framework for Corporate Misconduct Prediction,2025,"Liu, Yeling and Liu, Yongkang and Yang, Kai",Systems,1949
176,Zhuang2025,INCLUDE,Meets all criteria,8,2,1,2,1,1,1,0,Leveraging large language models to examine the interaction between investor sentiment and stock per...,2025,"Zhuang, Yong and Wang, Feilong and Chiu, Dickson K...",Engineering Applications of Artificial Intelligenc...,1952
254,Cicekyurt2025,INCLUDE,Meets all criteria,8,2,2,1,1,1,1,0,Enhancing Sentiment Analysis in Stock Market Tweets Through BERT-Based Knowledge Transfer,2025,"Cicekyurt, Emre and Bakal, Gokhan",Computational Economics,1707
556,Baghavathi Priya2025889,INCLUDE,Meets all criteria,8,2,2,2,0,0,2,0,Advanced Financial Sentiment Analysis using FinBERT to Explore Sentiment Dynamics,2025,"Baghavathi Priya, S. and Kumar, Madhav and Nithees...",,1774
975,Zhang2023349,INCLUDE,Meets all criteria,8,2,1,2,1,0,1,1,Enhancing Financial Sentiment Analysis via Retrieval Augmented Large Language Models,2023,"Zhang, Boyu and Yang, Hongyang and Zhou, Tianyu an...",,1335
988,Mohamad Zamani2023147,INCLUDE,Meets all criteria,8,2,1,1,0,1,2,1,Crypto-sentiment Detection in Malay Text Using Language Models with an Attention Mechanism,2023,"Mohamad Zamani, Nur Azmina and Kamaruddin, Norhasl...",Journal of Information Systems Engineering and Bus...,2214
1778, WOS:001221698100004,INCLUDE,Meets all criteria,8,2,1,2,0,1,2,0,Transforming sentiment analysis in the financial domain with ChatGPT,2023,"Fatouros, Georgios and Soldatos, John and Kourouma...",MACHINE LEARNING WITH APPLICATIONS,1461
12,Nejatbakhsh20263926,INCLUDE,Meets all criteria,7,1,2,1,0,1,1,1,"Enhancing Stock Market Prediction With Hybrid Deep Learning: Integrating LSTM, Transformer Attention...",2026,"Nejatbakhsh, Yousef and Aliasgari, Malihe",IEEE Access,1697
75,Denekew2025,INCLUDE,Meets all criteria,7,1,2,2,0,0,1,1,Integrating Large Language Models and CNN-LSTM for Enhanced Portfolio Optimization,2025,"Denekew, Arega and Berehane, Tesfahun and Adam, Mo...",Operations Research Forum,1491
98,Tan2025960,INCLUDE,Meets all criteria,7,1,2,2,0,0,1,1,"Vision, Voice, and Text: Pioneering Zero-shot Multimodal LLMs for Sentiment-driven Investment",2025,"Tan, Su and So, Chichiu and Sun, Yueyue and Wang, ...",,1570
228,Shao2025,INCLUDE,Meets all criteria,7,1,1,2,0,1,1,1,Revisiting time-varying dynamics in stock market forecasting: A multi-source sentiment analysis appr...,2025,"Shao, Zhiqi and Yao, Xusheng and Chen, Feng and Wa...",Decision Support Systems,1361
237,Kang2025,INCLUDE,Meets all criteria,7,2,2,1,0,0,1,1,Comparative Investigation of GPT and FinBERT’s Sentiment Analysis Performance in News Across Differe...,2025,"Kang, Ji-won and Choi, Sun-yong",Electronics (Switzerland),2454
243,Liu2025,INCLUDE,Meets all criteria,7,2,2,1,0,0,1,1,A Novel Multi-Task Learning Framework for Interval-Valued Carbon Price Forecasting Using Online News...,2025,"Liu, Dinggao and Wang, Liuqing and Lin, Shuo and T...",Mathematics,1564
327,Okada2025,INCLUDE,Meets all criteria,7,2,1,2,0,1,1,0,From words to returns: sentiment analysis of Japanese 10-K reports using advanced large language mod...,2025,"Okada, Katsuhiko and Nakasuji, Moe and Tsukioka, Y...",PeerJ Computer Science,1688
353,Rao2025361,INCLUDE,Meets all criteria,7,1,1,2,0,1,1,1,CryptexLLM: How LLM Generalizability Forecasts High Volatility,2025,"Rao, Logan and Tsaryk, Mary and Benhnini, Anwar an...",,695
360,Friday2025,INCLUDE,Meets all criteria,7,2,1,1,0,1,2,0,A Transformer-Based Stock Trend Prediction with Sentiment Analysis of Relevant and Urgent Tweets,2025,"Friday, Ibanga Kpereobong and Mishra, Sasmita and ...",,1685
421,Herdany2025144,INCLUDE,Meets all criteria,7,2,0,2,1,0,2,0,Analyzing User Experience in Indonesian Investment Platforms: a Hybrid Approach Using Sentiment Anal...,2025,"Herdany, Andi Rifan Ghaffar and Oktavia, Tanty",,1563
602,Ahire2024912,INCLUDE,Meets all criteria,7,2,2,1,0,0,2,0,Enhancing Stock Market Predictions with Social Media Sentiment and Multi-Headed Attention Mechanisms,2024,"Ahire, Vijaya and Borase, Swati",International Research Journal of Multidisciplinar...,1569
940,Ahmed2024,INCLUDE,Meets all criteria,7,2,1,2,0,1,1,0,Enhancing Stock Price Prediction: A Hybrid Approach Leveraging Large Language Models and Deep Learni...,2024,"Ahmed, Mohamed Erfan and Ebrahim, Gamal A. and Abd...",,1125
1000,Kim2023,INCLUDE,Meets all criteria,7,2,1,1,0,1,2,0,Forecasting the S&P 500 Index Using Mathematical-Based Sentiment Analysis and Deep Learning Models: ...,2023,"Kim, Jihwan and Kim, Huisang and Choi, Sun-yong",Axioms,1986
1168,Ayyappa2023643,INCLUDE,Meets all criteria,7,2,2,1,0,0,1,1,Forecasting Equity Prices using LSTM and BERT with Sentiment Analysis,2023,"Ayyappa, Yalanati and Kumar, B. Vinay and Priya, S...",,1092
1444,Pouromid2021,INCLUDE,Meets all criteria,7,2,1,2,1,0,1,0,ParsBERT Post-Training for Sentiment Analysis of Tweets concerning Stock Market,2021,"Pouromid, Mohammadjalal and Yekkehkhani, Arman and...",,1294
1894, WOS:001516366800001,INCLUDE,Meets all criteria,7,2,2,1,0,0,1,1,"BHE plus ALBERT-Mixplus: A Distributed Symmetric Approximate Homomorphic
   Encryption Model for Sec...",2025,"Zhang, Jingren and Maidin, Siti Sarah and Dewi, De...",SYMMETRY-BASEL,2543
1949, WOS:001662012200001,INCLUDE,Meets all criteria,7,2,2,1,0,0,1,1,"AI driven sentiment analysis in financial markets: using transformer
   base models and social media...",2026,"Khalil, Rashid",JOURNAL OF MODELLING IN MANAGEMENT,1973
2,Chen2026,INCLUDE,Meets all criteria,6,2,1,1,0,1,1,0,A novel sentiment correlation-based method with dual transformer model for stock price prediction,2026,"Chen, Qizhao and Kawashima, Hiroaki",International Journal of Data Science and Analytic...,1722
11,Daş2026,INCLUDE,Meets all criteria,6,2,1,2,0,0,0,1,A new hybrid approach combining transformer-based language models and graph neural networks for cryp...,2026,"Daş, Bihter and Dagdogen, Huseyin Alperen and Kaya...",Engineering Applications of Artificial Intelligenc...,1637
113,Fang202592,INCLUDE,Meets all criteria,6,2,1,1,0,1,1,0,Sentiment-Driven Nonlinear Relationship between Financial Market Emotion and Returns: Dynamic Adapti...,2025,"Fang, Junyi and Liu, Xiaojian and Zhou, Minshuai",,1033
215,Chiu2025,INCLUDE,Meets all criteria,6,1,1,0,0,1,2,1,Finance-specific large language models: Advancing sentiment analysis and return prediction with LLaM...,2025,"Chiu, I. Chan and Hung, Mao-wei",Pacific Basin Finance Journal,1078
394,Singh2025,INCLUDE,Meets all criteria,6,1,1,1,0,1,2,0,Stock Market Trend Prediction Using Transformer-Based Reinforcement Learning,2025,"Singh, Kamini and Gupta, Gaurav and Chhabra, Yachn...",,1713
426,Yadav2025,INCLUDE,Meets all criteria,6,2,1,1,0,0,2,0,Historical Data Based Sentiment-Driven Stock Market Prediction Using a Hybrid BERT-LSTM Model,2025,"Yadav, Sameer and Keswani, Sarika and Sengar, Alok...",,1434
520,Du2025,INCLUDE,Meets all criteria,6,2,1,2,0,0,1,0,Enhancing Cryptocurrency Trading Strategies: A Deep Reinforcement Learning Approach Integrating Mult...,2025,"Du, Nanjiang and Zhao, Yida and Wang, Jintao and Z...",,1897
592,Kim2024626,INCLUDE,Meets all criteria,6,2,1,2,0,0,1,0,Is Small Really Beautiful for Central Bank Communication? Evaluating Language Models for Finance: Ll...,2024,"Kim, Wonseong and Sporer, Jan and Lee, Choong Lyol...",,1594
594,Gu202467,INCLUDE,Meets all criteria,6,1,1,1,0,1,2,0,Predicting Stock Prices with FinBERT-LSTM: Integrating News Sentiment Analysis,2024,"Gu, Wenjun and Zhong, Yihao and Li, Shizun and Wei...",,1774
597,Han2024,INCLUDE,Meets all criteria,6,2,1,2,0,0,1,0,LEST: Large language models and spatio-temporal data analysis for enhanced Sino-US exchange rate for...,2024,"Han, Di and Guo, Wei and Chen, Han and Wang, Boche...",International Review of Economics and Finance,2181
610,Liu2024,INCLUDE,Meets all criteria,6,2,2,1,0,1,0,0,News-driven stock market index prediction based on trellis network and sentiment attention mechanism,2024,"Liu, Wenjie and Ge, Yebo and Gu, Yuchen",Expert Systems with Applications,1196
630,Adelakun202421,INCLUDE,Meets all criteria,6,0,2,1,1,0,2,0,SENTIMENT ANALYSIS OF FINANCIAL NEWS USING THE BERT MODEL,2024,"Adelakun, Najeem O. and Baale, A. A.",Journal of Engineering and Technology for Industri...,1384
694,Yadav2024280,INCLUDE,Meets all criteria,6,2,1,2,1,0,0,0,NiftyLLaMA: An open information extraction system integrated with sentiment analysis for Nifty-50 co...,2024,"Yadav, Varsha and Kiran Kumar, K.",,1113
700,Joshi20244896,INCLUDE,Meets all criteria,6,2,2,1,0,0,1,0,"A Multi-Modal Transformer Architecture Combining Sentiment Dynamics, Temporal Market Data, and Macro...",2024,"Joshi, Abhishek and Koda, Jahnavi Krishna and Hadi...",,1174
771,Huang2024796,INCLUDE,Meets all criteria,6,2,1,1,1,0,1,0,A FinBERT Framework for Sentiment Analysis of Chinese Financial News,2024,"Huang, Yuesheng and Lin, Renyi and Li, Jiawen and ...",,1008
782,Kirtac20241,INCLUDE,Meets all criteria,6,2,0,2,0,0,2,0,Enhanced Financial Sentiment Analysis and Trading Strategy Development Using Large Language Models,2024,"Kirtac, Kemal and Germano, Guido",,1097
788,Chowdhury2024410,INCLUDE,Meets all criteria,6,2,1,1,1,0,1,0,Fired_from_NLP at AraFinNLP 2024: Dual-Phase-BERT - A Fine-Tuned Transformer-Based Model for Multi-D...,2024,"Chowdhury, Md Sajid Alam and Chowdhury, Mostak Mah...",,1389
801,Liu2024134041,INCLUDE,Meets all criteria,6,2,1,2,0,1,0,0,"Large Language Models and Sentiment Analysis in Financial Markets: A Review, Datasets, and Case Stud...",2024,"Liu, Chenghao and Arulappan, Arunkumar and Naha, R...",IEEE Access,1061
923,Ke2024812,INCLUDE,Meets all criteria,6,2,1,2,0,0,0,1,Qwen-Fin: Chinese Financial Sentiment Analysis Based on Fine-Tuned Large Language Model,2024,"Ke, Zongwu and Zhang, Zeyu and Zhou, Long and Wu, ...",,1090
989,Wu2023,INCLUDE,Meets all criteria,6,2,2,1,0,1,0,0,Lightweight Scheme to Capture Stock Market Sentiment on Social Media Using Sparse Attention Mechanis...,2023,"Wu, Sihan and Gu, Fuyu",Journal of Risk and Financial Management,1502
1175,Liu2023,INCLUDE,Meets all criteria,6,2,1,1,0,0,1,1,Stock price movement prediction based on Stocktwits investor sentiment using FinBERT and ensemble SV...,2023,"Liu, Jinxian and Leu, Jenqshiou Shiou and Holst, S...",PeerJ Computer Science,1486
1212,Alasmari2023669,INCLUDE,Meets all criteria,6,2,1,1,0,1,1,0,Arabic Stock-News Sentiments and Economic Aspects using BERT Model,2023,"Alasmari, Eman and El-Eliemy, Mohamed Hamdy and Al...",International Journal of Advanced Computer Science...,1477
1257,Kamal2022,INCLUDE,Meets all criteria,6,2,1,1,0,1,1,0,Trading Stocks Based on Financial News Using Attention Mechanism,2022,"Kamal, Saurabh and Sharma, Sahil and Kumar, Vijay ...",Mathematics,1824
1338,Jiménez-Zarco2022,INCLUDE,Meets all criteria,6,2,2,1,0,0,1,0,DeeBERT-S3WD: Three-Way Multigranularity Decision for Interactive Information Sentiment Analysis Res...,2022,"Jiménez-Zarco, Ana and Zhang, Xiangnan and Yu, Gua...",Mathematical Problems in Engineering,1451
1432,Cheng202173,INCLUDE,Meets all criteria,6,2,1,1,0,0,1,1,Sentiment Analysis of Financial Texts Based on Attention Mechanism of FinBERT and BiLSTM,2021,"Cheng, Wenjuan and Chen, Siyi",,945
18,Morampudi2026,INCLUDE,Meets all criteria,5,2,0,1,0,1,1,0,Analyzing the impact of the sentiment of Covid-19 news on bitcoin through transformer-based models,2026,"Morampudi, Mahesh Kumar and Swain, Chinmaya Kumar ...",Quality and Quantity,1867
31,Ray2026468,INCLUDE,Meets all criteria,5,0,2,2,0,0,1,0,Leveraging GPT-4 for Cryptocurrency News Sentiment Detection: A Multi-model Benchmarking,2026,"Ray, Jiban Kumar and Mim, Sheikh Sharfuddin and Lo...",Communications in Computer and Information Science,1188
84,Wang20251955,INCLUDE,Meets all criteria,5,2,1,2,0,0,0,0,From news to trends: a financial time series forecasting framework with LLM-driven news sentiment an...,2025,"Wang, Renjie and Sun, Minghui and Wang, Limin",Journal of Intelligent Information Systems,1369
144,Wang20251969,INCLUDE,Meets all criteria,5,2,1,1,0,0,1,0,A Novel Framework for Agricultural Futures Price Prediction With BERT-Based Topic Identification and...,2025,"Wang, Wensheng and Liu, Yuxi",Journal of Forecasting,2183
183,Sun2025,INCLUDE,Meets all criteria,5,2,1,1,0,0,1,0,Financial sentiment analysis for pre-trained language models incorporating dictionary knowledge and ...,2025,"Sun, Yongyong and Yuan, Haiping and Xu, Fei",Natural Language Processing Journal,812
188,Mun2025,INCLUDE,Meets all criteria,5,2,0,2,0,0,0,1,Leveraging Large Language Models for Sentiment Analysis and Investment Strategy Development in Finan...,2025,"Mun, Yejoon and Kim, Namhyoung",Journal of Theoretical and Applied Electronic Comm...,1444
301,Pacheco2025301,INCLUDE,Meets all criteria,5,1,0,1,0,1,2,0,Stock Market Prediction Using Lstm and Bert,2025,"Pacheco, Clyden and Shukla, Aditya and D'Silva, As...",,1290
309,Nguyen20251,INCLUDE,Meets all criteria,5,2,0,2,0,0,1,0,Decoding market sentiment: the power of ChatGPT in explaining Bitcoin returns from X data,2025,"Nguyen, Binh Thanh and Chu, Tuan Thanh and Ha, Son...",China Finance Review International,1019
430,Dipura20251631,INCLUDE,Meets all criteria,5,2,0,2,0,0,1,0,Stock Market Trend Prediction for Next Day Direction using Sentiment Analysis with FinBERT,2025,"Dipura, Ryan Wira Ariza and Maulana, Fairuz Iqbal ...",,1280
483,Nouri2025,INCLUDE,Meets all criteria,5,2,0,2,0,0,1,0,From text to trade: harnessing the potential of generative AI for investor sentiment analysis in fin...,2025,"Nouri, Hicham and Nassera, Habbat",International Journal of Information Technology (S...,845
503,Sheetal20252244,INCLUDE,Meets all criteria,5,1,0,1,0,0,2,1,Enhancing Financial Sentiment Analysis: Integrating the LoughranMcDonald Dictionary with BERT for Ad...,2025,"Sheetal, R. and Aithal, Prakash K.",Procedia Computer Science,1935
531,Văduva2025421,INCLUDE,Meets all criteria,5,2,0,2,0,0,1,0,Text Summarization and Sentiment Analysis Pipelines Using Large Language Models for Financial News,2025,"Văduva, Alin Gabriel and Andreescu, Anca Ioana","Smart Innovation, Systems and Technologies",1348
537,Akhila20251172,INCLUDE,Meets all criteria,5,2,0,2,0,0,1,0,Hybrid Deep Learning for International Trading: Integrating LSTM and Transformer Models,2025,"Akhila, T. S. and Raj, J. Relin Francis and Kani J...",,1492
571,Meena2025845,INCLUDE,Meets all criteria,5,2,0,1,0,0,1,1,The Role of Sentiment Analysis and Transformer Models in Stock Market Price Forecasting,2025,"Meena, Durga R. and Maharajan, K.",,1137
780,Wang20243120,INCLUDE,Meets all criteria,5,1,2,2,0,0,0,0,LLMFactor: Extracting Profitable Factors through Prompts for Explainable Stock Movement Prediction,2024,"Wang, Meiyun and Izumi, Kiyoshi and Sakaji, Hiroki",Proceedings of the Annual Meeting of the Associati...,1330
820,Hajek202430,INCLUDE,Meets all criteria,5,2,0,2,0,0,1,0,Beyond Sentiment in Stock Price Prediction: Integrating News Sentiment and Investor Attention with T...,2024,"Hajek, Petr and Novotný, Josef",IFIP Advances in Information and Communication Tec...,1348
830,Bathla20241,INCLUDE,Meets all criteria,5,2,1,1,0,0,1,0,FinBERT and LSTM-based novel model for stock price prediction using technical indicators and financi...,2024,"Bathla, Gourav and Gupta, Sunil",International Journal of Economics and Business Re...,1069
917,Singh2024,INCLUDE,Meets all criteria,5,2,0,1,0,1,1,0,Market Research and Competitive Analysis Using LLM,2024,"Singh, Adhiraj and Subramanian, Harish Venkata and...",,1511
948,Dsouza202497,INCLUDE,Meets all criteria,5,1,1,2,0,0,1,0,Leveraging Large Language Models for Predicting Stock Option Valuation and Financial Risk Mitigation,2024,"Dsouza, Lester David and Nasir, Jamal Abdul and Ka...",IEEE International Conference on Data Mining Works...,1246
1061,Hasan2023,INCLUDE,Meets all criteria,5,2,1,2,0,0,0,0,Automated Sentiment Analysis for Web-Based Stock and Cryptocurrency News Summarization with Transfor...,2023,"Hasan, Mehedi and Rahman, Md Tahmid and Alavee, Ka...",,1389
1128,Lu20233821,INCLUDE,Meets all criteria,5,2,1,0,1,0,1,0,Fast and Accurate FSA System Using ELBERT: An Efficient and Lightweight BERT,2023,"Lu, Siyuan and Zhou, Chenchen and Xie, Keli and Li...",IEEE Transactions on Signal Processing,1454
1129,Girsang2023120530,INCLUDE,Meets all criteria,5,2,2,1,0,0,0,0,Hybrid LSTM and GRU for Cryptocurrency Price Forecasting Based on Social Network Sentiment Analysis ...,2023,"Girsang, Abba Suganda and Stanley, null",IEEE Access,1246
1137,Yang2023279,INCLUDE,Meets all criteria,5,2,1,1,0,0,1,0,Stock Market Prediction Based on BERT Embedding and News Sentiment Analysis,2023,"Yang, Hanlin and Ye, Chunyang and Lin, Xiaoyu and ...",Communications in Computer and Information Science,1338
1158,Haryono202377132,INCLUDE,Meets all criteria,5,2,1,1,0,0,1,0,Transformer-Gated Recurrent Unit Method for Predicting Stock Price Based on News Sentiments and Tech...,2023,"Haryono, Agus Tri and Sarno, Riyanarto and Sungkon...",IEEE Access,1417
1186,Kaplan2023324,INCLUDE,Meets all criteria,5,1,1,2,0,0,1,0,CrudeBERT: Applying Economic Theory Towards Fine-Tuning Transformer-Based Sentiment Analysis Models ...,2023,"Kaplan, Himmet and Mundani, Ralf Peter and Rölke, ...",International Conference on Enterprise Information...,1059
1214,Kim20236912,INCLUDE,Meets all criteria,5,2,0,1,1,0,1,0,CBITS: Crypto BERT Incorporated Trading System,2023,"Kim, Gyeongmin and Kim, Minsuk and Kim, Byungchul ...",IEEE Access,1168
1240,Ai2022167,INCLUDE,Meets all criteria,5,2,1,1,0,1,0,0,A Method with Universal Transformer for Multimodal Sentiment Analysis,2022,"Ai, Hao and Liu, Ying and Fang, Jie and Rashid, Sh...",,1175
1318,Fernandez2022240,INCLUDE,Meets all criteria,5,1,1,1,1,0,1,0,Improving IndoBERT for Sentiment Analysis on Indonesian Stock Trader Slang Language,2022,"Fernandez, Enrico and Anderies, Anderies and Winat...",,1023
1439,Li20214663,INCLUDE,Meets all criteria,5,2,1,0,0,1,1,0,Applying BERT to analyze investor sentiment in stock market,2021,"Li, Menggang and Li, Wenrui and Wang, Fang and Jia...",Neural Computing and Applications,866
1924, WOS:001594086300009,INCLUDE,Meets all criteria,5,2,1,0,0,0,1,1,"A Hybrid Vader-Bert Sentiment Analysis Framework for Real-Time Stock
   Market Prediction",2025,"Ramathulasi, Thota and Rajasekharababu, M. and Sri...",BOLETIM SOCIEDADE PARANAENSE DE MATEMATICA,1731
51,Lin2025181,INCLUDE,Meets all criteria,4,2,0,1,0,0,1,0,Financial Market Sentiment Prediction Based on BERT-Based Sentiment Analysis Model,2025,"Lin, Yanqing",,1103
78,Yang2025,INCLUDE,Meets all criteria,4,2,1,0,0,0,1,0,The power of ChatGPT in processing text: Evidence from analysis and prediction in the exchange rate ...,2025,"Yang, Kun and Deng, Ruxin and Wei, Yunjie and Wang...",Financial Innovation,1455
140,Gaur20253198,INCLUDE,Meets all criteria,4,2,0,0,0,1,1,0,Sentiment-driven forecasting: enhancing cryptocurrency price prediction with biLSTM and DistilBERT,2025,"Gaur, Shyama and Singh, Harshit and Chaudhary, Rij...",International Journal of System Assurance Engineer...,1870
232,Liu2025,INCLUDE,Meets all criteria,4,2,1,0,0,0,1,0,Monetary Policy Sentiment and Its Influence on Healthcare and Technology Markets: A Transformer Mode...,2025,"Liu, Dongnan and Kim, Jong-min",Analytics,755
234,Nagendra202584,INCLUDE,Meets all criteria,4,2,0,1,0,0,1,0,Extracting Linguistic Tones in Earnings Call using Transformer Model and Performance Comparison with...,2025,"Nagendra, B. V. and Kumar, Chandar S. and Simha, J...",Journal of Trends in Computer Science and Smart Te...,1922
314,Yang2025,INCLUDE,Meets all criteria,4,0,1,2,0,0,1,0,Dynamic Hedging Strategies in Derivatives Markets with LLM-Driven Sentiment and News Analytics,2025,"Yang, Jie and Tang, Yiqiu and Li, Yongjie and Zhan...",,1138
322,Cheng2025533,INCLUDE,Meets all criteria,4,0,2,1,0,0,1,0,LLM-Based Dynamic Multi-Agent Systems for Evaluation of Financial Trading Mechanism,2025,"Cheng, Edward Yu Cheng and Chu, Hsuehting",,1249
347,Sarkar2025355,INCLUDE,Meets all criteria,4,1,1,1,0,0,1,0,Hybrid FinBERT-LSTM Deep Learning Framework for Stock Price Prediction: A Sentiment Analysis Approac...,2025,"Sarkar, Biswadeep and Shahid, Abdul",Lecture Notes in Networks and Systems,1406
413,Dashtaki2025156600,INCLUDE,Meets all criteria,4,1,1,1,0,0,1,0,HSIF: A Transformer-Based Cross-Attention Framework for Cryptocurrency Trend Forecasting via Multimo...,2025,"Dashtaki, Saeed Mohammadi and Hosseini Chagahi, Me...",IEEE Access,811
428,Putri2025292,INCLUDE,Meets all criteria,4,2,0,1,0,0,1,0,Mining User Sentiments in P2P Lending: A BERTopic Approach to Understanding User Technostress in Ind...,2025,"Putri, Irene Rahmi and Saputra, Muhardi and Fa'Rif...",,1294
438,Stefanova2025553,INCLUDE,Meets all criteria,4,2,0,2,0,0,0,0,Fuzzy Ensemble of Large Language Models for Financial Sentiment Analysis,2025,"Stefanova, Tsvetelina and Georgiev, Slavi G.",Lecture Notes in Networks and Systems,1275
486,Dave2025229,INCLUDE,Meets all criteria,4,2,0,1,0,0,1,0,"Forex Price Prediction: A Multi-model Approach Integrating Sentiment Analysis Using LLMs with LSTM, ...",2025,"Dave, Yash and Varastehpour, Soheil and Shakiba, M...",Lecture Notes in Networks and Systems,1957
522,Yamane2025228,INCLUDE,Meets all criteria,4,2,0,0,0,0,2,0,Financial Sentimental Analysis for Argument Mining Using Prompt-Based Fine-Tuned LLaMA3,2025,"Yamane, Daichi and Kang, Xin and Matsumoto, Kazuyu...",,778
590,Iacovides2024134,INCLUDE,Meets all criteria,4,0,0,2,1,0,1,0,FinLlama: LLM-Based Financial Sentiment Analysis for Algorithmic Trading,2024,"Iacovides, Giorgos and Konstantinidis, Thanos and ...",,1353
637,Bhat202467,INCLUDE,Meets all criteria,4,2,0,1,0,0,1,0,Stock Price Trend Prediction using Emotion Analysis of Financial Headlines with Distilled LLM Model,2024,"Bhat, Rithesh and Jain, Bhanu",,1274
739,Fu202473,INCLUDE,Meets all criteria,4,2,0,1,0,0,1,0,DAM: A Universal Dual Attention Mechanism for Multimodal Timeseries Cryptocurrency Trend Forecasting,2024,"Fu, Yihang and Zhou, Mingyu and Zhang, Luyao",,1173
761,Reka Onozo2024160529,INCLUDE,Meets all criteria,4,1,0,2,0,0,1,0,Leveraging LLMs for Financial News Analysis and Macroeconomic Indicator Nowcasting,2024,"Reka Onozo, Livia and Viktor Arthur, Frigyes and G...",IEEE Access,1435
856,Liu2024,INCLUDE,Meets all criteria,4,0,1,2,0,0,0,1,Revolutionising Financial Portfolio Management: The Non-Stationary Transformer’s Fusion of Macroecon...,2024,"Liu, Yuchen and Mikriukov, Daniil and Tjahyadi, Ow...",Applied Sciences (Switzerland),1131
1032,Deng20231014,INCLUDE,Meets all criteria,4,0,1,2,0,1,0,0,LLMs to the Moon? Reddit Market Sentiment Analysis with Large Language Models,2023,"Deng, Xiang and Bashlovkina, Vasilisa and Han, Fen...",,1292
1033,Deng2023107,INCLUDE,Meets all criteria,4,0,1,2,0,1,0,0,What do LLMs Know about Financial Markets? A Case Study on Reddit Market Sentiment Analysis,2023,"Deng, Xiang and Bashlovkina, Vasilisa and Han, Fen...",,1122
1435,Zhao20211233,INCLUDE,Meets all criteria,4,2,1,1,0,0,0,0,A BERT based Sentiment Analysis and Key Entity Detection Approach for Online Financial Texts,2021,"Zhao, Lingyun and Li, Lin and Zheng, Xinhao and Zh...",,1136
1589,Mishev2020131662,INCLUDE,Meets all criteria,4,0,2,2,0,0,0,0,Evaluation of Sentiment Analysis in Finance: From Lexicons to Transformers,2020,"Mishev, Kostadin and Gjorgjevikj, Ana and Vodenska...",IEEE Access,1697
233,Vallarino202521,INCLUDE,Meets all criteria,3,1,0,1,0,0,1,0,Understanding the Market Trends: A Hybrid Approach to Stock Price Prediction Using RNNs and Transfor...,2025,"Vallarino, Diego",Journal of Applied Economic Sciences,1369
679,Ronald2024201,INCLUDE,Meets all criteria,3,2,0,1,0,0,0,0,STOCK PRICE PREDICTION USING ENSEMBLE LEARNING METHOD ON BIDIRECTIONAL LONG SHORT-TERM MEMORY MODEL ...,2024,"Ronald, Valensius and Alfrido, Calvin and Isa, S. ...",ICIC Express Letters,697
1237,Colasanto202217507,INCLUDE,Meets all criteria,3,1,0,1,0,0,1,0,BERT’s sentiment score for portfolio optimization: a fine-tuned view in Black and Litterman model,2022,"Colasanto, Francesco and Grilli, Luca and Santoro,...",Neural Computing and Applications,1392
1259,Colasanto2022341,INCLUDE,Meets all criteria,3,1,0,1,0,0,1,0,AlBERTino for stock price prediction: a Gibbs sampling approach,2022,"Colasanto, Francesco and Grilli, Luca and Santoro,...",Information Sciences,1254
1934, WOS:000683646000002,INCLUDE,Meets all criteria,3,1,0,1,0,0,1,0,"Research on sentiment classification of futures predictive texts based
   on BERT",2024,Weng Xiaofeng and Zhao Jinghua and Jiang Chenxi an...,COMPUTING,1161
785,Mathebula2024144017,EXCLUDE,Wrong primary domain: product_review,10,2,2,2,1,1,2,0,ChatGPT as a Text Annotation Tool to Evaluate Sentiment Analysis on South African Financial Institut...,2024,"Mathebula, Miehleketo and Modupe, Abiodun and Mari...",IEEE Access,3245
63,Cristescu2025,EXCLUDE,Inadequate methodology description,8,1,2,1,1,0,2,1,Fine-Tuning and Explaining FinBERT for Sector-Specific Financial News: A Reproducible Workflow,2025,"Cristescu, Marian Pompiliu and Brândaş, Claudiu an...",Electronics (Switzerland),1556
213,Du20251083,EXCLUDE,Inadequate methodology description,8,2,2,1,0,0,2,1,Forecasting Volatility of New Energy Stock Prices: An Integrated CEEMDAN and BiLSTM-Transformer Hybr...,2025,"Du, Junhao",,760
587,Glasserman202425,EXCLUDE,Inadequate methodology description,8,2,1,2,1,0,1,1,Assessing Look-Ahead Bias in Stock Return Predictions Generated by GPT Sentiment Analysis,2024,"Glasserman, Paul and Lin, Caden",Journal of Financial Data Science,1494
973,Kim2023383,EXCLUDE,Inadequate methodology description,8,2,1,2,1,0,1,1,LLMs Analyzing the Analysts: Do BERT and GPT Extract More Value from Financial Analyst Reports?,2023,"Kim, Seonmi and Kim, Seyoung and Kim, Yejin and Pa...",,1183
1548,Huang2020391,EXCLUDE,Inadequate methodology description,8,2,2,2,1,0,1,0,An Entity-Level Sentiment Analysis of Financial Text Based on Pre-Trained Language Model,2020,"Huang, Zhihong and Fang, Zhijian",IEEE International Conference on Industrial Inform...,1413
71,Chen2025,EXCLUDE,Inadequate methodology description,7,2,1,2,1,0,1,0,Integrating Taiwan financial BERT sentiment analysis with CNN-BiLSTM-SA model for stock prediction,2025,"Chen, Guanwei and Hsu, I. Ching",Discover Computing,1788
589,Farooq2024,EXCLUDE,Inadequate methodology description,7,2,1,2,0,0,2,0,Interpretable multi-horizon time series forecasting of cryptocurrencies by leverage temporal fusion ...,2024,"Farooq, Arslan and Irfan Uddin, M. and Adnan, Muha...",Heliyon,1513
698,Chen20244846,EXCLUDE,Inadequate methodology description,7,2,2,2,0,0,1,0,Stock Price Prediction Using LLM-Based Sentiment Analysis,2024,"Chen, Qizhao and Kawashima, Hiroaki",,1324
707,Danish2024790,EXCLUDE,Inadequate methodology description,7,2,1,1,1,0,2,0,Comparative Sentiment Analysis of Cryptocurrency Apps Using BERT,2024,"Danish, Mohd and Amjad, Mohd and Ahmad, Tanvir",,1446
1171,Tyas2023897,EXCLUDE,Inadequate methodology description,7,2,0,1,0,1,2,1,A Robustly Optimized BERT using Random Oversampling for Analyzing Imbalanced Stock News Sentiment Da...,2023,"Tyas, Salsabila Mazya Permataning and Sarno, Riyan...",,1494
1319,Mohamad Zamani202236,EXCLUDE,Inadequate methodology description,7,2,1,1,0,1,1,1,XLNET-GRU Sentiment Regression Model for Cryptocurrency News in English and Malay,2022,"Mohamad Zamani, Nur Azmina and Yan, Jasy Liew Suet...",,1202
1411,Leow2021,EXCLUDE,Inadequate methodology description,7,2,2,1,1,0,1,0,Robo-advisor using genetic algorithm and BERT sentiments from tweets for hybrid portfolio optimisati...,2021,"Leow, Edmund Kwong Wei and Nguyen, Binh P. and Chu...",Expert Systems with Applications,1145
403,Lee2025,EXCLUDE,Inadequate methodology description,6,2,1,1,0,0,2,0,Comparative Study of Llama and Bert for Sentiment Analysis on Stock-Related Social Media and Its Imp...,2025,"Lee, Chiencheng and Sah, Anish and Lin, Xin Yuan a...",,1388
478,Ray2025317,EXCLUDE,Inadequate methodology description,6,2,1,2,0,0,1,0,Enhancing Cryptocurrency Sentiment Analysis with GPT-4: A Comparative Study,2025,"Ray, Jiban Kumar and Mim, Sheikh Sharfuddin and Lo...",IFIP Advances in Information and Communication Tec...,1094
536,Zhao2025347,EXCLUDE,Inadequate methodology description,6,2,0,1,0,0,2,1,Research on Financial Time Series Prediction Based on LSTM and Attention Mechanism,2025,"Zhao, Liang and Lai, Yanyu and Shi, Simin and Chen...",,1137
539,Youb2025215,EXCLUDE,Inadequate methodology description,6,0,1,2,1,1,1,0,Evaluating Automatic Annotation Techniques for Fine-Tuning Large Language Models in Financial Sentim...,2025,"Youb, Ibtissam and Hamlich, Mohamed and Ventura, S...",,1201
644,Roumeliotis2024,EXCLUDE,Inadequate methodology description,6,2,1,2,0,0,1,0,LLMs and NLP Models in Cryptocurrency Sentiment Analysis: A Comparative Classification Study,2024,"Roumeliotis, Konstantinos I. and Tselikas, Nikolao...",Big Data and Cognitive Computing,1220
645,Dorfleitner2024197,EXCLUDE,Inadequate methodology description,6,2,1,2,0,0,1,0,ESG News Sentiment and Stock Price Reactions: A Comprehensive Investigation via BERT,2024,"Dorfleitner, Gregor and Zhang, Rongxin",Schmalenbach Journal of Business Research,1065
651,Yan2024566,EXCLUDE,Inadequate methodology description,6,2,2,1,0,0,1,0,Sentiment Analysis of Financial Media Commentary Text Based on FinBERT-BiGRU-CNN,2024,"Yan, Yiling and Qin, Qiuli",,1022
702,Nakagawa20246614,EXCLUDE,Inadequate methodology description,6,2,1,2,0,0,0,1,Evaluating Company-specific Biases in Financial Sentiment Analysis using Large Language Models,2024,"Nakagawa, Kei and Hirano, Masanori and Fujimoto, Y...",,1082
925,Danish2024,EXCLUDE,Inadequate methodology description,6,2,1,1,0,0,2,0,"Comparative Sentiment Analysis of Cryptocurrency Apps Using BERT, RoBERTa, and ChatGPT",2024,"Danish, Mohd and Amjad, Mohd and Ahmad, Tanvir and...",IEEE International Conference on Emerging and Sust...,1349
1045,Sulistio2023171,EXCLUDE,Inadequate methodology description,6,2,0,2,0,0,2,0,UTILIZING BERT AND CNN-LSTM IN STOCK PRICE PREDICTION USING DATA SENTIMENT ANALYSIS AND TECHNICAL AN...,2023,"Sulistio, Bambang and Suhartono, Derwin",ICIC Express Letters,1421
1347,Harnmetta2022,EXCLUDE,Inadequate methodology description,6,2,1,1,0,1,1,0,Sentiment Analysis of Thai Stock Reviews Using Transformer Models,2022,"Harnmetta, Pongsatorn and Samanchuen, Taweesak",,1179
1538,Lee2020,EXCLUDE,Inadequate methodology description,6,2,1,1,1,0,1,0,BERT-Based Stock Market Sentiment Analysis,2020,"Lee, Chiencheng and Gao, Zhongjian and Tsai, Chunl...",,679
1767, WOS:001561876000003,EXCLUDE,Inadequate methodology description,6,1,1,2,1,0,1,0,OPTIMIZING LARGE LANGUAGE MODELS FOR SUSTAINABLE INVESTORS,2025,"Chin, Andrew and Guan, Che and Rajaguru, Promod an...",JOURNAL OF INVESTMENT MANAGEMENT,864
1834, WOS:001495126500011,EXCLUDE,Inadequate methodology description,6,2,1,2,0,0,1,0,Stock Price Prediction with FinBERT and RNN,2023,"Huang, Changjiang and Chen, Zhiyuan and Soliman, W...",,957
1957, WOS:001333582400004,EXCLUDE,Inadequate methodology description,6,1,2,1,1,0,1,0,Stock Price Prediction Based on FinBERT-LSTM Model,2024,"Fan, Shijia and Chen, Xu and Wang, Xu-an",,886
100,Pitta de Jesus20253735,EXCLUDE,Inadequate methodology description,5,2,1,1,0,0,1,0,"Forecasting Brazilian Stock Market Using Sentiment Indices from Textual Data, Chat-GPT-Based and Tec...",2025,"Pitta de Jesus, Diego and de Medeiros, Elvira Hele...",Computational Economics,1293
267,Varshney202531,EXCLUDE,Wrong primary domain: political,5,2,1,1,0,0,1,0,A multi-modal image encoding and self-attention-based transformer framework with sentiment analysis ...,2025,"Varshney, Ravi Prakash and Sharma, Dilip Kr",International Journal of Computational Vision and ...,1050
325,Thota2025,EXCLUDE,Inadequate methodology description,5,2,0,1,0,0,2,0,Financial Bidirectional Encoder Representations from Transformers with Temporal Fusion Transformer f...,2025,"Thota, Raghupathi and Potluri, Sri Meghana and Kak...",,1460
424,Zheng20251139,EXCLUDE,Inadequate methodology description,5,2,1,1,0,0,1,0,Investing in the Age of Generative AI: A GPT-based Sentiment Analysis Approach,2025,"Zheng, Xianrong",Procedia Computer Science,516
663,Kirtac2024,EXCLUDE,Inadequate methodology description,5,1,0,2,0,0,2,0,Sentiment trading with large language models,2024,"Kirtac, Kemal and Germano, Guido",Finance Research Letters,905
695,Anjali2024,EXCLUDE,Inadequate methodology description,5,2,0,1,0,0,2,0,A Bidirectional Encoder Representations from Transformers - Multi Head Attention for Predicting the ...,2024,"Anjali, Gurram Siva and Almusawi, Muntather Muhssa...",,1302
779,Li2024,EXCLUDE,Inadequate methodology description,5,2,1,0,0,0,1,1,BERT-BiLSTM-Attention model for sentiment analysis on Chinese stock reviews,2024,"Li, Xiaoyan and Chen, Lei and Chen, Baoguo and Ge,...",Applied Mathematics and Nonlinear Sciences,1233
1187,Pan2023,EXCLUDE,Inadequate methodology description,5,1,1,2,0,0,1,0,Evaluation of transformer models for financial targeted sentiment analysis in Spanish,2023,"Pan, Ronghao and Garcí­a-Dí­az, José Antonio and G...",PeerJ Computer Science,1397
1188,Widianto2023303,EXCLUDE,Inadequate methodology description,5,0,0,2,1,0,2,0,Sentiment Analysis towards Cryptocurrency and NFT in Bahasa Indonesia for Twitter Large Amount Data ...,2023,"Widianto, Mochammad Haldi and Cornelius, Yhudi",International Journal of Intelligent Systems and A...,1168
1469,Bozanta20211253,EXCLUDE,Inadequate methodology description,5,2,0,1,0,1,1,0,Sentiment Analysis of StockTwits Using Transformer Models,2021,"Bozanta, Aysun and Angco, Sabrina and Cevik, Mucah...",,1322
247,Pathak2025,EXCLUDE,Inadequate methodology description,4,2,0,2,0,0,0,0,"Unveiling the potential: "" Large language models in financial sentiment analysis, education, and mar...",2025,"Pathak, Manan and Shah, Bela and Thakkar, Amit R.",AIP Conference Proceedings,1600
270,Muhammad2025,EXCLUDE,Inadequate methodology description,4,0,1,2,1,0,0,0,On Assessing the Performance of LLMs for Target-Level Sentiment Analysis in Financial News Headlines,2025,"Muhammad, Iftikhar and Rospocher, Marco",Algorithms,1512
551,Liu2025,EXCLUDE,Inadequate methodology description,4,1,1,1,0,0,1,0,Analyst Reports and Stock Performance: Evidence From the Chinese Market,2025,"Liu, Rui and Liang, Jiayou and Chen, Haolong and H...",Asia-Pacific Financial Markets,1136
733,Shareef20241390,EXCLUDE,Inadequate methodology description,4,2,0,1,0,0,1,0,RetailGPT: A Fine-Tuned LLM Architecture for Customer Experience and Sales Optimization,2024,"Shareef, Farooq and Ajith, Rishi and Kaushal, Part...",,1730
831,Anand2024,EXCLUDE,Inadequate methodology description,4,0,2,0,1,1,0,0,An Empirical Study of Financial BERT Models for Sentiment Analysis and Cryptocurrency Price Correlat...,2024,"Anand, Harini and Arya, Arti",,717
1067,Suriya2023,EXCLUDE,Inadequate methodology description,4,2,0,1,0,0,1,0,Stock Market Prediction Analysis Using Machine Learning Transformer Model,2023,"Suriya, N. and Pandimeena, R. and Nisha, K. G. and...",,1045
1124,Jiménez-Zafra2023,EXCLUDE,Inadequate methodology description,4,2,0,1,0,0,1,0,SINAI at FinancES@IberLEF2023: Evaluating Popular Tools and Transformers Models for Financial Target...,2023,"Jiménez-Zafra, Salud María and García-Baena, Danie...",CEUR Workshop Proceedings,1143
439,Lee2025,EXCLUDE,Inadequate methodology description,3,2,0,1,0,0,0,0,Does business news sentiment matter in the energy stock market? Adopting sentiment analysis for shor...,2025,"Lee, Chiyuan and Anderl, Eva",Frontiers in Artificial Intelligence,832
845,Panwar2024297,EXCLUDE,Inadequate methodology description,3,0,2,0,0,0,1,0,Comparative Analysis of Large Language Models for Question Answering from Financial Documents,2024,"Panwar, Shivam Singh and Bansal, Anukriti and Zare...",Lecture Notes in Networks and Systems,1383
1295,Zhao202298,EXCLUDE,Inadequate methodology description,3,2,0,1,0,0,0,0,Attention! Transformer with Sentiment on Cryptocurrencies Price Prediction,2022,"Zhao, Huali and Crane, Martin and Bezbradica, Mari...","International Conference on Complexity, Future Inf...",1410
1326,Son20221301,EXCLUDE,Inadequate methodology description,3,1,0,1,0,0,1,0,Using Transformers and Deep Learning with Stance Detection to Forecast Cryptocurrency Price Movement,2022,"Son, Yeonwoo and Vohra, Soham and Vakkalagadda, Ro...",International Conference on ICT Convergence,1070
155,Miori20251105,EXCLUDE,Quality score too low (2/10),2,0,0,1,0,1,0,0,Narratives from GPT-derived networks of news and a link to financial markets dislocations,2025,"Miori, Deborah and Petrov, Constantin",International Journal of Data Science and Analytic...,2062
341,Sadik2025151,EXCLUDE,Quality score too low (2/10),2,0,0,1,0,0,1,0,Wealth Wiser—Building a Personal Finance Assistant Using LLaMA2 and QLoRA to Support Investors,2025,"Sadik, M. H.Akil and Aswini, R. and Palanimuthu, T...",Lecture Notes in Electrical Engineering,1108
1765, WOS:000909014900001,EXCLUDE,Quality score too low (2/10),2,0,0,2,0,0,0,0,"FinBERT: A Large Language Model for Extracting Information from
   Financial Text",2023,"Huang, Allen H. and Wang, Hui and Yang, Yi",CONTEMPORARY ACCOUNTING RESEARCH,1487
53,Ding2025678,EXCLUDE,Quality score too low (1/10),1,0,1,0,0,0,0,0,Efficient Financial Sentiment Analysis via LLM Fine-Tuning with Preference Optimization,2025,"Ding, Yixuan and Sun, Jianxia",,1422
3,Jang2026,EXCLUDE,Not financial domain,0,0,0,0,0,0,0,0,Non-English textual analysis with large language models: Analysts’ use of MD&A sentiment in earnings...,2026,"Jang, Jaehee and Wu, Xiaoying",Journal of Contemporary Accounting and Economics,1140
10,Toksoz2026,EXCLUDE,Not financial domain,0,0,0,0,0,0,0,0,Parameter-efficient fine-tuning of LLaMA models for financial sentiment classification,2026,"Toksoz, Seda B.A.Y.A.T. and Isik, Gultekin",Cluster Computing,1616
61,Bouzari2025,EXCLUDE,No sentiment analysis,0,0,0,0,0,0,0,0,Intelligent Sustainability: Evaluating Transformers for Cryptocurrency Environmental Claims,2025,"Bouzari, Parisa and Fekete-Farkas, Maria and Szala...",Information (Switzerland),1728
85,Khan2025679,EXCLUDE,Review/opinion/tutorial (not empirical),0,0,0,0,0,0,0,0,Bridging finance and AI: a comprehensive survey of large language models in financial system,2025,"Khan, Ameer Tamoor and Li, Shuai and Cao, Xinwei",Digital Finance,1132
89,Liu2025,EXCLUDE,No LLM/transformer method,0,0,0,0,0,0,0,0,A sentiment-driven three-stage approach for multi-scale carbon price prediction,2025,"Liu, Yongliang and Tang, Chunling and Zhou, Aiying...",Discover Sustainability,1165
101,Tan2025,EXCLUDE,Not financial domain,0,0,0,0,0,0,0,0,Financial text analysis and credit risk assessment using a GPT-4 and improved BERT fusion model,2025,"Tan, Huirong and Xie, Yanruixue",PLOS ONE,1724
149,Liu2025,EXCLUDE,No LLM/transformer method,0,0,0,0,0,0,0,0,A multimodal deep learning framework for constructing a market sentiment index from stock news,2025,"Liu, Yunting and Huang, Yirong",Big Data Research,906
200,Sun2025,EXCLUDE,No LLM/transformer method,0,0,0,0,0,0,0,0,Intraday and Post-Market Investor Sentiment for Stock Price Prediction: A Deep Learning Framework wi...,2025,"Sun, Guowei and Yong, Li",Systems,1686
203,Chen2025,EXCLUDE,Not financial domain,0,0,0,0,0,0,0,0,Can Large Language Models forecast carbon price movements? Evidence from Chinese carbon markets,2025,"Chen, Rui and Jiang, Haiqi and Guo, Tingyu and Fan...",Research in International Business and Finance,904
230,Chen2025,EXCLUDE,No LLM/transformer method,0,0,0,0,0,0,0,0,Sentiment analysis for stock market research: A bibliometric study,2025,"Chen, Xieling and Xie, Haoran and Li, Zongxi and Z...",Natural Language Processing Journal,1563
293,Jaffri2025212,EXCLUDE,No evaluation/results reported,0,0,0,0,0,0,0,0,Demystifying FinBERT: How Transformer Models Turn Financial Text into Market Insights,2025,"Jaffri, Ali and Jha, Ayush and Butt, Hassan Anjum",Journal of Portfolio Management,974
294,Joshi2025,EXCLUDE,No sentiment analysis,0,0,0,0,0,0,0,0,Multi-Agent LLM Framework for Stock Recommendation via Financial Feature Summarization,2025,"Joshi, Siddhika and Bongale, Anupkumar M. and Dhar...",,1410
318,Singh2025,EXCLUDE,No LLM/transformer method,0,0,0,0,0,0,0,0,"AI-Driven Crude Oil Trading: Integrating Market Sentiment, Machine Learning, and Risk Management",2025,"Singh, Vaibhav and Gaurav, Devottam and Sapna, R. ...",,1156
329,Prakash20252003,EXCLUDE,No sentiment analysis,0,0,0,0,0,0,0,0,Accurate Prediction Stock Market Trends using BERT,2025,"Prakash, N. and Devi, G. Rathi and Kanimozhi, J. K...",,903
422,Liu2025,EXCLUDE,Not financial domain,0,0,0,0,0,0,0,0,Aspect-based Sentiment Analysis Method for Chinese Financial Texts Using Named Entity Recognition,2025,"Liu, Wenxiao and Xu, Chong and Huang, Feiran and H...",Proceedings of SPIE - The International Society fo...,1563
423,Wang2025540,EXCLUDE,Not financial domain,0,0,0,0,0,0,0,0,Connectedness of Chinese financial institutions in news extracted by LLM,2025,"Wang, Xueheng and Cai, Jingrui and Yin, Yvbo and Q...",Procedia Computer Science,1122
429,Az Zahra2025298,EXCLUDE,No sentiment analysis,0,0,0,0,0,0,0,0,A Data-Driven Analysis of Understanding Technostress in Indonesian E-Wallets Using BERTopic,2025,"Az Zahra, Siti Nuraida and Saputra, Muhardi and Fa...",,1615
448,Raliphada2025,EXCLUDE,Not financial domain,0,0,0,0,0,0,0,0,"Optimizing Credit Risk Model Classification Using BERT, RoBERTa, and LLaMA 3.2",2025,"Raliphada, Pfarelo and Olusanya, Micheal O. and Ol...",,1048
450,Nalajala2025490,EXCLUDE,No evaluation/results reported,0,0,0,0,0,0,0,0,Market News Analyzer based on Large Language Models,2025,"Nalajala, Sunanda and Reddy, Ponagandla Mahesh and...",,1260
584,Heaton2024875,EXCLUDE,No evaluation/results reported,0,0,0,0,0,0,0,0,“The ChatGPT bot is causing panic now – but it’ll soon be as mundane a tool as Excel”: analysing top...,2024,"Heaton, Dan and Clos, Jeremie and Nichele, Elena a...",Personal and Ubiquitous Computing,1793
586,Li2024,EXCLUDE,Review/opinion/tutorial (not empirical),0,0,0,0,0,0,0,0,An interval constraint-based trading strategy with social sentiment for the stock market,2024,"Li, Mingchen and Yang, Kun and Lin, Wencan and Wei...",Financial Innovation,1057
621,Singh2024,EXCLUDE,No LLM/transformer method,0,0,0,0,0,0,0,0,Design and Development of Artificial Intelligence Framework to Forecast the Security Index Direction...,2024,"Singh, Harmanjeet and Malhotra, Manisha and Singh,...",SN Computer Science,1945
665,Li2024,EXCLUDE,Review/opinion/tutorial (not empirical),0,0,0,0,0,0,0,0,Adding double insurance to your investments: Evidence from the exchange rate market,2024,"Li, Mingchen and Yang, Kun and Cheng, Zishu and We...",Advanced Engineering Informatics,1595
674,Ullah2024,EXCLUDE,No evaluation/results reported,0,0,0,0,0,0,0,0,Nexus between Chat GPT usage dimensions and investment decisions making in Pakistan: Moderating role...,2024,"Ullah, Rafid and Ismail, Hishamuddin Bin and Khan,...",Technology in Society,1349
691,Singh2024,EXCLUDE,Review/opinion/tutorial (not empirical),0,0,0,0,0,0,0,0,Design and Implement Opinion Mining Approach: Using Deep Learning for Large Scale Data,2024,"Singh, Navjot and Bathla, Gaurav",,1039
699,Singh2024,EXCLUDE,No LLM/transformer method,0,0,0,0,0,0,0,0,Harnessing Sentiment Analysis and Deep Learning for Precise Stock Price Forecasts,2024,"Singh, Sumit Kumar and Kant Sahu, Ravi and Sahoo, ...",,860
711,Singh2024,EXCLUDE,No LLM/transformer method,0,0,0,0,0,0,0,0,A Prediction Algorithm for Unlabelled Tweets for Stock Market Data,2024,"Singh, Baljinder and Kaur, Mandeep and Brar, Gurbi...",,1357
712,Singh2024,EXCLUDE,No LLM/transformer method,0,0,0,0,0,0,0,0,Enhancing Financial Trading Strategies: A Comprehensive Sentiment Analysis Pipeline,2024,"Singh, Baljinder and Kaur, Mandeep and Brar, Gurbi...",,1275
724,Jeet2024121,EXCLUDE,No evaluation/results reported,0,0,0,0,0,0,0,0,Using Deep Learning Models and FinBERT to Predict the Stock Price of Top Banks in the Dhaka Stock Ex...,2024,"Jeet, Mahir Ayaan Begh and Haque, Rakei Matiul and...",,1394
743,Kong2024162,EXCLUDE,No evaluation/results reported,0,0,0,0,0,0,0,0,Large Language Models for Financial and Investment Management: Applications and Benchmarks,2024,"Kong, Yaxuan and Nie, Yuqi and Dong, Xiaowen and M...",Journal of Portfolio Management,2015
799,Khan2024219,EXCLUDE,No sentiment analysis,0,0,0,0,0,0,0,0,News that Moves the Market: DSEX-News Dataset for Forecasting DSE Using BERT,2024,"Khan, Md Nabil Rahman and Salsabil, Most Sadia and...",Communications in Computer and Information Science,1497
805,Du2024189,EXCLUDE,Not financial domain,0,0,0,0,0,0,0,0,An Evaluation of Reasoning Capabilities of Large Language Models in Financial Sentiment Analysis,2024,"Du, Kelvin and Xing, Frank Z. and Mao, Rui and Cam...",,1212
848,Singh2024,EXCLUDE,No LLM/transformer method,0,0,0,0,0,0,0,0,Utilising Sentiment Analysis To Predict Market Movements In Currency Exchange Rates,2024,"Singh, Harmanjeet and Rani, Ashima and Chugh, Aart...",,2490
872,Ahmed2024,EXCLUDE,Not financial domain,0,0,0,0,0,0,0,0,Leveraging Large Language Models and Prompt Settings for Context-Aware Financial Sentiment Analysis,2024,"Ahmed, Rabbia and Abdul Rauf, Sadaf and Latif, See...",,836
959,Jiang20241321,EXCLUDE,Not financial domain,0,0,0,0,0,0,0,0,A Study of Risk Prediction Based on a Hybrid Model of LSTM and BERT,2024,"Jiang, Ting and Duan, Jixing and Li, Wei and Zhang...",,828
1083,Kaikaus20232831,EXCLUDE,Not financial domain,0,0,0,0,0,0,0,0,Humans vs. ChatGPT: Evaluating Annotation Methods for Financial Corpora,2023,"Kaikaus, Jamshed and Li, Haoen and Brunner, Robert...",,930
1085,Sy2023242,EXCLUDE,Not financial domain,0,0,0,0,0,0,0,0,Fine-Grained Argument Understanding with BERT Ensemble Techniques: A Deep Dive into Financial Sentim...,2023,"Sy, Eugene and Peng, Tzucheng and Huang, Shihhsuan...",,894
1125,Rodríguez-García2023,EXCLUDE,No evaluation/results reported,0,0,0,0,0,0,0,0,URJC-Team at FinancES 2023: Financial Targeted Sentiment Analysis in Spanish Combining Transformers,2023,"Rodríguez-García, Miguel Ángel and Riaño-Martínez,...",CEUR Workshop Proceedings,1275
1296,Ma2022126,EXCLUDE,No evaluation/results reported,0,0,0,0,0,0,0,0,A Model of Integrating Bert and BiGRU+ Attention Dual-channel Mechanism for Investor Sentiment Analy...,2022,"Ma, Huawei and Ma, Jixin and Liang, Shengbin and D...",,490
1848, WOS:001276323800001,EXCLUDE,Review/opinion/tutorial (not empirical),0,0,0,0,0,0,0,0,"A Hybrid Neural Network Model for Sentiment Analysis of Financial Texts
   Using Topic Extraction, P...",2024,"Duan, Ganglong and Yan, Shunfei and Zhang, Meng",IEEE ACCESS,1618
1873, WOS:000882807900001,EXCLUDE,Review/opinion/tutorial (not empirical),0,0,0,0,0,0,0,0,"Bi-Directional CNN-RNN Architecture with Group-Wise Enhancement and
   Attention Mechanisms for Cryp...",2022,"Habek, Gul Cihan and Tocoglu, Mansur Alp and Onan,...",APPLIED ARTIFICIAL INTELLIGENCE,1324
1978, WOS:001532711100090,EXCLUDE,No evaluation/results reported,0,0,0,0,0,0,0,0,MCMC Approach for Stock Price Forecasting Using an Italian-BERT Model,2025,"Santoro, Domenico and Grilli, Luca and Sgarro, Gia...",,262
1987, WOS:001069662600005,EXCLUDE,No evaluation/results reported,0,0,0,0,0,0,0,0,"Using FinBERT as a refined approach to measuring impression management
   in corporate reports durin...",2023,"Cherry, Caroline and Mohamed, Waheeda and Brahmbha...",COMMUNICARE-JOURNAL FOR COMMUNICATION SCIENCES IN ...,1794
